id,cod_depto,departamento,cod_mun,municipio,ce_menores_de_5_años,ce_mayores_de_5_años,mujeres_con_4ta_consulta_ prenatal,bcg,pentavalente_3ra_dosis,antipolio_3ra_dosis,antirotavirus_2ra_dosis,antiamarilica,vaginales,cesareas,partos_atendidos_por_proveedor_calificado,partos_atendidos_por_personal_de_salud_calificado,nacidos_vivos,nacidos_vivos_atendidos_por_personal_de_salud,nacidos_muertos,nacidos_muertos_atendidos_por_personal_de_salud
1,1,CHUQUISACA,10101,SUCRE                         ,159790,634511,8791,7429,6914,6911,6736,6682,4198,3196,2,88,7392,32,14,70
2,1,CHUQUISACA,10102,YOTALA                        ,3179,9946,133,126,137,137,151,135,85,11,2,2,97,4,0,0
3,1,CHUQUISACA,10103,POROMA                        ,9898,15883,233,277,295,295,289,242,127,0,68,56,124,120,0,3
4,1,CHUQUISACA,10201,AZURDUY                       ,8823,11680,190,185,207,207,198,194,100,0,38,53,98,85,0,1
5,1,CHUQUISACA,10202,TARVITA                       ,12160,21389,219,204,249,249,224,252,156,3,28,22,158,44,0,1
6,1,CHUQUISACA,10301,ZUDAÑEZ                       ,4565,10685,140,104,144,144,141,114,76,0,12,10,75,20,0,1
7,1,CHUQUISACA,10302,PRESTO                        ,4907,11653,128,121,171,171,148,173,47,0,30,42,47,68,1,0
8,1,CHUQUISACA,10303,MOJOCOYA                      ,2970,9689,112,102,135,135,117,119,81,0,15,6,81,18,0,0
9,1,CHUQUISACA,10304,ICLA                          ,6747,11594,126,121,142,142,133,133,74,0,20,22,74,40,1,0
10,1,CHUQUISACA,10401,PADILLA                       ,6360,29929,190,236,151,151,147,153,163,88,7,5,248,11,1,6
11,1,CHUQUISACA,10402,TOMINA                        ,6432,15485,162,134,181,181,166,154,122,0,7,5,121,9,0,0
12,1,CHUQUISACA,10403,SOPACHUY                      ,5525,13221,143,123,131,128,126,114,99,3,9,8,102,15,0,0
13,1,CHUQUISACA,10404,ALCALA                        ,2174,6798,50,45,68,68,58,58,33,0,1,0,33,1,0,0
14,1,CHUQUISACA,10405,EL VILLAR                     ,2313,10751,52,50,80,80,72,72,44,0,0,3,44,3,0,0
15,1,CHUQUISACA,10501,MONTEAGUDO                    ,16437,62451,725,566,478,483,474,477,350,212,3,9,549,10,2,9
16,1,CHUQUISACA,10502,HUACARETA                     ,5154,14669,192,123,199,199,182,187,112,0,3,8,112,10,0,1
17,1,CHUQUISACA,10601,TARABUCO                      ,7182,18355,279,274,328,329,277,245,143,43,14,66,184,73,1,2
18,1,CHUQUISACA,10602,YAMPARAEZ                     ,2610,9804,107,83,129,129,105,119,64,0,6,3,64,9,0,0
19,1,CHUQUISACA,10701,CAMARGO                       ,7288,24693,340,348,280,280,273,285,226,91,7,17,314,24,2,6
20,1,CHUQUISACA,10702,SAN LUCAS                     ,16237,36542,641,572,608,608,597,495,367,20,38,181,381,219,9,7
21,1,CHUQUISACA,10703,INCAHUASI                     ,8623,9323,234,205,261,261,250,175,97,0,51,68,96,119,0,2
22,1,CHUQUISACA,10704,VILLA CHARCAS                 ,7559,12587,265,221,298,298,261,309,145,0,28,45,146,72,0,0
23,1,CHUQUISACA,10801,VILLA SERRANO                 ,8012,13966,143,107,203,203,162,174,80,0,5,12,74,14,0,3
24,1,CHUQUISACA,10901,CAMATAQUI (C. VILLA ABECIA)   ,1129,5120,44,33,45,45,49,45,18,0,4,6,17,10,1,1
25,1,CHUQUISACA,10902,CULPINA                       ,8649,18162,358,347,438,438,371,302,243,26,14,60,264,74,0,5
26,1,CHUQUISACA,10903,LAS CARRERAS                  ,1763,5700,64,60,90,90,69,59,53,0,0,6,53,6,0,0
27,1,CHUQUISACA,11001,VILLA VACA GUZMAN (MUYUPAMPA) ,5302,17754,158,143,207,209,203,175,96,0,2,40,96,41,0,0
28,1,CHUQUISACA,11002,HUACAYA (VILLA DE HUACAYA)    ,2764,6054,42,47,72,72,67,57,24,0,0,20,24,21,2,0
29,1,CHUQUISACA,11003,MACHARETI                     ,5367,14335,154,71,168,167,145,164,55,0,4,6,55,10,1,0
30,2,LA PAZ    ,20101,LA PAZ                        ,372796,1315273,14450,21149,14617,14583,15071,12910,11974,9700,0,12,21586,14,7,298
31,2,LA PAZ    ,20102,PALCA                         ,5692,9977,235,310,392,391,383,490,30,0,3,64,30,99,2,0
32,2,LA PAZ    ,20103,MECAPACA                      ,4209,7913,112,148,212,204,206,202,40,0,3,32,39,35,2,1
33,2,LA PAZ    ,20104,ACHOCALLA                     ,5222,6669,233,213,354,353,414,413,59,0,5,61,59,66,2,0
34,2,LA PAZ    ,20105,EL ALTO                       ,364447,806984,16448,20956,17956,17960,18049,17881,12510,4361,33,39,16778,75,46,213
35,2,LA PAZ    ,20201,ACHACACHI                     ,9239,26511,479,743,573,573,609,589,341,31,8,194,367,201,1,6
36,2,LA PAZ    ,20202,ANCORAIMES                    ,2630,7639,125,213,205,204,197,230,30,0,4,145,30,147,0,0
37,2,LA PAZ    ,20203,CHUA COCANI                   ,600,3824,56,42,54,54,45,62,11,0,0,31,11,31,0,0
38,2,LA PAZ    ,20204,HUARINA                       ,1140,3818,48,75,85,85,87,87,17,0,5,17,17,22,2,0
39,2,LA PAZ    ,20205,SANTIAGO DE HUATA             ,1292,6603,64,86,77,77,71,104,17,0,0,46,17,47,0,0
40,2,LA PAZ    ,20206,HUATAJATA                     ,676,2786,33,21,39,39,33,47,19,0,0,1,19,1,1,0
41,2,LA PAZ    ,20301,CORO CORO                     ,2049,7622,48,84,123,123,121,127,21,0,0,40,21,39,3,0
42,2,LA PAZ    ,20302,CAQUIAVIRI                    ,2008,7897,62,119,118,118,110,164,13,0,0,68,13,68,7,0
43,2,LA PAZ    ,20303,CALACOTO                      ,1167,5447,25,52,68,68,66,55,1,0,0,32,1,32,0,0
44,2,LA PAZ    ,20304,COMANCHE                      ,438,2216,42,28,41,41,41,39,4,0,0,19,4,19,0,0
45,2,LA PAZ    ,20305,CHARAÑA                       ,479,2464,18,30,33,33,36,25,3,0,0,19,3,19,0,0
46,2,LA PAZ    ,20306,WALDO BALLIVIAN               ,888,1569,29,34,40,40,37,30,0,0,21,11,0,32,0,0
47,2,LA PAZ    ,20307,NAZACARA DE PACAJES           ,195,855,6,9,8,8,4,19,0,0,0,6,0,6,0,0
48,2,LA PAZ    ,20308,SANTIAGO DE CALLAPA           ,812,4289,33,51,49,50,48,60,18,0,6,14,18,20,0,0
49,2,LA PAZ    ,20401,PUERTO ACOSTA                 ,2506,7829,99,151,179,179,168,164,26,0,4,94,26,98,0,0
50,2,LA PAZ    ,20402,MOCOMOCO                      ,2255,12290,102,221,218,218,204,223,19,0,6,107,19,113,0,0
51,2,LA PAZ    ,20403,PUERTO CARABUCO               ,2150,10145,100,196,210,210,198,215,26,0,2,129,25,134,0,1
52,2,LA PAZ    ,20404,HUMANATA                      ,523,2758,24,58,77,77,63,57,8,0,6,27,8,32,0,0
53,2,LA PAZ    ,20405,ESCOMA                        ,737,3240,61,110,67,67,72,87,70,4,4,6,71,10,3,4
54,2,LA PAZ    ,20501,CHUMA                         ,2505,11661,61,144,138,138,137,168,27,0,21,56,27,77,0,0
55,2,LA PAZ    ,20502,AYATA                         ,3051,7829,49,132,143,144,129,152,10,0,30,54,10,84,4,0
56,2,LA PAZ    ,20503,AUCAPATA                      ,1352,4893,49,72,72,73,73,91,3,0,2,55,3,57,1,0
57,2,LA PAZ    ,20601,SORATA                        ,5630,10671,246,303,357,358,355,361,103,0,31,64,101,95,0,2
58,2,LA PAZ    ,20602,GUANAY                        ,10436,11028,313,280,346,338,321,346,169,39,7,37,205,44,0,3
59,2,LA PAZ    ,20603,TACACOMA                      ,3236,5273,99,115,143,143,121,108,54,0,1,4,53,5,0,1
60,2,LA PAZ    ,20604,QUIABAYA                      ,971,3267,36,60,58,58,54,51,46,0,0,5,46,4,0,0
61,2,LA PAZ    ,20605,COMBAYA                       ,936,2199,44,58,47,47,54,50,11,0,0,32,11,32,0,0
62,2,LA PAZ    ,20606,TIPUANI                       ,4296,8539,164,128,223,221,203,234,108,0,1,7,108,8,0,1
63,2,LA PAZ    ,20607,MAPIRI                        ,6613,11304,293,248,350,353,347,393,222,0,8,2,221,11,0,1
64,2,LA PAZ    ,20608,TEOPONTE                      ,9869,11169,209,224,288,283,289,332,168,0,1,18,169,20,0,0
65,2,LA PAZ    ,20701,APOLO                         ,9433,10715,241,329,359,359,311,410,143,0,29,51,143,80,16,0
66,2,LA PAZ    ,20702,PELECHUCO                     ,3469,6527,88,127,139,139,134,148,5,0,0,65,5,65,0,0
67,2,LA PAZ    ,20801,VIACHA                        ,22822,42204,1051,965,1345,1359,1385,1471,564,59,13,45,625,58,1,0
68,2,LA PAZ    ,20802,GUAQUI                        ,1329,6795,84,75,92,92,102,102,40,0,20,9,40,29,0,0
69,2,LA PAZ    ,20803,TIAWANACU                     ,2814,9106,122,172,204,204,215,183,72,0,49,28,71,77,0,2
70,2,LA PAZ    ,20804,DESAGUADERO                   ,743,3506,98,92,84,85,98,109,55,0,14,8,55,22,0,0
71,2,LA PAZ    ,20805,SAN ANDRES DE MACHACA         ,993,6519,44,64,64,64,65,44,11,0,35,11,11,46,0,0
72,2,LA PAZ    ,20806,JESUS DE MACHACA              ,4258,13421,125,172,178,175,185,162,74,0,43,50,74,92,1,0
73,2,LA PAZ    ,20807,TARACO                        ,884,3988,45,66,68,68,71,60,36,0,13,9,36,22,0,0
74,2,LA PAZ    ,20901,LURIBAY                       ,2950,11354,102,104,162,162,164,169,59,0,0,35,59,35,1,0
75,2,LA PAZ    ,20902,SAPAHAQUI                     ,3019,7737,72,136,126,125,142,133,41,0,19,47,41,65,0,0
76,2,LA PAZ    ,20903,YACO                          ,3654,6065,79,102,125,122,114,141,26,0,1,58,26,59,4,0
77,2,LA PAZ    ,20904,MALLA                         ,844,2087,10,25,40,40,36,49,1,0,0,18,1,18,0,0
78,2,LA PAZ    ,20905,CAIROMA                       ,4359,10729,162,161,201,201,185,200,89,0,8,47,88,55,0,1
79,2,LA PAZ    ,21001,INQUISIVI                     ,3859,7045,105,194,205,205,203,217,27,0,39,47,27,86,9,0
80,2,LA PAZ    ,21002,QUIME                         ,3192,9296,110,158,157,156,165,190,71,0,19,13,70,32,1,1
81,2,LA PAZ    ,21003,CAJUATA                       ,5816,9326,142,186,224,221,218,199,156,0,5,2,156,7,0,0
82,2,LA PAZ    ,21004,COLQUIRI                      ,6083,15080,191,380,367,365,423,352,81,0,73,77,81,149,0,0
83,2,LA PAZ    ,21005,ICHOCA                        ,987,3251,29,67,64,64,60,52,8,0,14,22,8,36,0,0
84,2,LA PAZ    ,21006,LICOMA PAMPA                  ,847,2699,13,24,50,50,41,58,14,0,3,2,14,5,0,0
85,2,LA PAZ    ,21101,CHULUMANI (V. DE LA LIBERTAD) ,7971,12217,380,331,368,368,360,358,245,57,3,19,301,22,0,2
86,2,LA PAZ    ,21102,IRUPANA (VILLA DE LANZA)      ,9391,17567,180,220,269,269,257,293,112,0,7,41,110,49,0,2
87,2,LA PAZ    ,21103,YANACACHI                     ,3819,6278,50,57,89,89,93,100,35,0,2,6,34,8,0,1
88,2,LA PAZ    ,21104,PALOS BLANCOS                 ,19846,23140,412,438,574,574,567,649,315,0,20,55,313,75,5,2
89,2,LA PAZ    ,21105,LA ASUNTA                     ,24164,24127,847,1003,1031,1031,1088,974,625,0,40,111,613,152,6,14
90,2,LA PAZ    ,21201,PUCARANI                      ,6040,13681,429,502,555,556,541,526,122,0,89,119,122,208,5,0
91,2,LA PAZ    ,21202,LAJA                          ,3986,9983,226,284,280,281,298,310,105,0,60,19,105,79,2,0
92,2,LA PAZ    ,21203,BATALLAS                      ,3244,11626,190,253,256,255,275,257,84,0,7,88,84,95,5,0
93,2,LA PAZ    ,21204,PUERTO PEREZ                  ,1308,6354,50,94,109,109,105,91,6,0,0,80,5,79,2,1
94,2,LA PAZ    ,21301,SICA SICA (VILLA AROMA)       ,7020,18975,203,289,331,316,356,379,119,0,4,90,118,95,2,1
95,2,LA PAZ    ,21302,UMALA                         ,3075,6631,78,117,143,142,149,142,40,0,1,67,39,68,0,1
96,2,LA PAZ    ,21303,AYO AYO                       ,1853,4309,88,135,123,126,132,129,26,0,20,57,26,77,1,0
97,2,LA PAZ    ,21304,CALAMARCA                     ,4489,11339,132,183,184,184,200,210,82,0,26,53,81,80,1,1
98,2,LA PAZ    ,21305,PATACAMAYA                    ,5034,8887,427,556,451,452,477,434,331,15,4,31,344,35,0,3
99,2,LA PAZ    ,21306,COLQUENCHA                    ,2474,8715,112,131,146,147,151,151,58,0,40,27,58,66,4,0
100,2,LA PAZ    ,21307,COLLANA                       ,923,3105,32,55,48,47,60,54,29,0,0,16,28,16,1,1
101,2,LA PAZ    ,21401,COROICO                       ,5580,13526,242,271,302,302,293,276,218,91,0,21,311,22,1,1
102,2,LA PAZ    ,21402,CORIPATA                      ,8444,9531,228,258,341,341,324,380,91,0,11,16,90,27,0,1
103,2,LA PAZ    ,21501,IXIAMAS                       ,6540,7538,235,207,183,183,213,312,118,0,0,25,119,25,2,0
104,2,LA PAZ    ,21502,SAN BUENA VENTURA             ,6086,10865,296,241,214,214,221,260,157,38,0,22,194,22,7,2
105,2,LA PAZ    ,21601,GRAL. J.J. PEREZ  (CHARAZANI) ,3643,7469,113,184,207,198,189,182,17,0,17,68,17,85,14,0
106,2,LA PAZ    ,21602,CURVA                         ,1320,2824,21,42,46,46,41,56,0,0,9,18,0,27,2,0
107,2,LA PAZ    ,21701,COPACABANA                    ,2348,5442,161,209,177,176,189,190,100,0,9,26,99,34,3,1
108,2,LA PAZ    ,21702,SAN PEDRO DE TIQUINA          ,1091,4574,39,56,55,56,68,77,28,0,0,19,27,19,0,1
109,2,LA PAZ    ,21703,TITO YUPANQUI (PARQUIPUJIO)   ,305,2034,9,8,13,13,12,16,1,0,0,4,1,3,0,0
110,2,LA PAZ    ,21801,SAN PEDRO DE CURAHUARA        ,2826,9085,49,93,109,109,122,99,16,0,5,58,16,62,1,0
111,2,LA PAZ    ,21802,PAPEL PAMPA                   ,2834,8450,54,59,82,82,78,91,33,0,7,16,33,24,0,0
112,2,LA PAZ    ,21803,CHACARILLA                    ,587,2033,16,17,15,15,11,14,0,0,0,16,0,17,0,0
113,2,LA PAZ    ,21901,SANTIAGO DE MACHACA           ,732,4055,34,36,59,59,66,45,16,0,0,16,16,16,0,0
114,2,LA PAZ    ,21902,CATACORA                      ,377,1553,4,8,17,17,12,19,3,0,0,5,3,5,0,0
115,2,LA PAZ    ,22001,CARANAVI                      ,23823,37202,1031,1276,1079,1079,1047,1117,787,312,24,32,1090,56,10,19
116,2,LA PAZ    ,22002,ALTO BENI                     ,10643,12706,112,121,244,245,215,263,82,0,3,20,82,24,1,0
117,3,COCHABAMBA,30101,COCHABAMBA                    ,297467,1039752,13183,20680,15016,15022,15545,13816,10092,11007,6,6,21093,12,34,261
118,3,COCHABAMBA,30201,AIQUILE                       ,9711,21075,232,554,433,430,508,406,305,107,6,22,412,34,7,3
119,3,COCHABAMBA,30202,PASORAPA                      ,1457,5427,17,28,41,41,36,44,16,0,0,8,16,8,1,0
120,3,COCHABAMBA,30203,OMEREQUE                      ,3959,8220,69,79,109,109,116,118,55,0,8,7,54,15,0,1
121,3,COCHABAMBA,30301,AYOPAYA (V. DE INDEPENDENCIA) ,12310,21744,279,399,461,462,467,479,210,4,17,101,214,118,2,0
122,3,COCHABAMBA,30302,MOROCHATA                     ,4117,8133,120,186,212,210,207,189,78,0,38,29,78,67,2,0
123,3,COCHABAMBA,30303,COCAPATA                      ,10153,7695,188,292,366,366,358,359,86,0,8,117,85,125,12,2
124,3,COCHABAMBA,30401,TARATA                        ,4921,5389,150,134,184,185,188,220,93,0,3,2,93,5,6,0
125,3,COCHABAMBA,30402,ANZALDO                       ,1816,7838,58,112,112,112,132,137,37,0,8,30,37,38,2,0
126,3,COCHABAMBA,30403,ARBIETO                       ,7775,8786,291,287,378,378,388,401,168,0,11,30,168,41,3,0
127,3,COCHABAMBA,30404,SACABAMBA                     ,1355,4329,43,63,75,75,76,92,38,0,0,1,38,1,3,0
128,3,COCHABAMBA,30501,ARANI                         ,2717,4144,164,181,184,184,183,195,108,0,4,14,107,18,1,1
129,3,COCHABAMBA,30502,VACAS                         ,3251,6518,77,144,149,149,138,145,71,0,12,38,71,50,0,0
130,3,COCHABAMBA,30601,ARQUE                         ,5394,7559,109,208,211,211,226,180,22,0,9,137,22,145,11,0
131,3,COCHABAMBA,30602,TACOPAYA                      ,3095,8535,73,143,136,136,126,122,30,0,39,54,31,93,10,0
132,3,COCHABAMBA,30701,CAPINOTA                      ,9133,16086,335,343,382,384,390,403,237,0,0,16,237,16,1,0
133,3,COCHABAMBA,30702,SANTIVAÑES                    ,2628,8334,66,74,111,111,118,132,48,0,1,4,47,5,0,1
134,3,COCHABAMBA,30703,SICAYA                        ,1494,2819,34,50,79,76,55,78,15,0,0,16,15,16,1,0
135,3,COCHABAMBA,30801,CLIZA                         ,8017,16941,278,492,403,403,404,435,227,156,1,6,381,7,1,3
136,3,COCHABAMBA,30802,TOCO                          ,2488,6532,43,73,105,105,97,94,48,0,7,3,48,10,0,0
137,3,COCHABAMBA,30803,TOLATA                        ,2653,5857,147,76,100,100,95,111,45,0,0,0,45,0,1,0
138,3,COCHABAMBA,30901,QUILLACOLLO                   ,59184,142807,2679,3417,3284,3289,3206,3417,1693,777,6,24,2466,30,21,10
139,3,COCHABAMBA,30902,SIPE SIPE                     ,17696,18828,1068,714,992,992,921,1019,472,0,10,6,472,16,3,0
140,3,COCHABAMBA,30903,TIQUIPAYA                     ,27695,23935,1343,1419,1325,1324,1237,1387,750,313,47,15,1066,58,16,1
141,3,COCHABAMBA,30904,VINTO                         ,11862,22083,936,1048,1074,1071,1084,1041,646,79,3,26,724,29,7,1
142,3,COCHABAMBA,30905,COLCAPIRHUA                   ,14557,20476,980,599,929,939,854,864,285,52,0,0,337,0,2,0
143,3,COCHABAMBA,31001,SACABA                        ,60515,110692,2989,3074,2929,2919,2857,2976,1821,566,41,12,2384,51,5,6
144,3,COCHABAMBA,31002,COLOMI                        ,6224,8341,256,373,410,409,414,421,229,0,6,11,228,17,20,1
145,3,COCHABAMBA,31003,VILLA TUNARI                  ,69993,77929,1364,1899,1726,1712,1735,1796,1138,456,33,66,1586,99,5,21
146,3,COCHABAMBA,31101,TAPACARI                      ,9924,14880,253,429,504,507,485,424,45,0,70,198,44,263,20,1
147,3,COCHABAMBA,31201,TOTORA(CBBA)                  ,5483,6682,141,370,347,346,331,343,240,77,5,13,317,19,2,1
148,3,COCHABAMBA,31202,POJO (CBBA)                   ,5424,8799,126,181,212,210,202,231,139,0,2,1,139,3,6,0
149,3,COCHABAMBA,31203,POCONA                        ,4980,11658,138,166,211,209,203,224,122,0,5,9,122,14,0,0
150,3,COCHABAMBA,31204,CHIMORE                       ,19277,17971,358,259,492,488,433,537,126,0,3,29,126,33,18,0
151,3,COCHABAMBA,31205,PUERTO VILLARROEL             ,42843,42467,897,1574,1189,1187,1192,1260,1080,327,8,38,1388,46,0,19
152,3,COCHABAMBA,31206,ENTRE RIOS CBBA               ,24088,19607,839,477,834,834,761,879,267,0,5,8,267,13,13,0
153,3,COCHABAMBA,31301,MIZQUE                        ,12899,14298,390,586,584,568,566,662,284,41,99,13,325,113,2,2
154,3,COCHABAMBA,31302,VILA VILA                     ,2466,2343,27,96,105,105,110,83,25,0,27,12,25,39,0,0
155,3,COCHABAMBA,31303,ALALAY                        ,663,1380,19,41,40,40,41,43,9,0,16,5,9,21,1,0
156,3,COCHABAMBA,31401,PUNATA                        ,14065,33524,495,931,564,563,620,553,478,435,0,7,910,8,0,12
157,3,COCHABAMBA,31402,VILLA RIVERO                  ,3647,5224,111,112,155,155,147,160,57,0,0,11,57,11,1,0
158,3,COCHABAMBA,31403,SAN BENITO                    ,4246,6879,194,144,198,198,190,229,45,0,1,2,45,3,0,0
159,3,COCHABAMBA,31404,TACACHI                       ,404,1338,2,14,14,14,12,17,3,0,0,2,3,2,0,0
160,3,COCHABAMBA,31405,CUCHUMUELA (V. G. VILLARROEL) ,435,2953,20,16,20,17,19,25,3,0,1,4,3,5,0,0
161,3,COCHABAMBA,31501,BOLIVAR                       ,2744,3640,47,107,121,121,120,92,9,0,0,90,9,90,0,0
162,3,COCHABAMBA,31601,TIRAQUE (CBBA)                ,5408,12823,261,356,370,370,375,364,240,0,12,23,238,35,1,2
163,3,COCHABAMBA,31602,SHINAOTA                      ,17241,16420,512,517,501,500,469,500,367,104,0,11,470,12,2,1
164,4,ORURO     ,40101,ORURO                         ,167694,485709,6039,9136,6494,6473,6579,5656,4176,4183,19,42,8298,62,11,125
165,4,ORURO     ,40102,CARACOLLO                     ,8421,15589,309,319,335,335,349,332,169,24,13,24,191,38,33,0
166,4,ORURO     ,40103,EL CHORO                      ,1856,3642,42,60,107,105,97,97,29,0,0,21,29,22,1,0
167,4,ORURO     ,40104,SORACACHI                     ,3847,5371,98,145,179,179,173,175,22,0,3,60,22,63,1,0
168,4,ORURO     ,40201,CHALLAPATA                    ,12830,28130,577,861,669,676,677,695,474,58,0,136,528,137,33,7
169,4,ORURO     ,40202,SANTUARIO DE QUILLACAS        ,1442,2648,56,64,82,82,81,73,30,0,3,11,30,14,1,0
170,4,ORURO     ,40301,CORQUE                        ,2297,6123,65,78,102,101,88,105,32,0,6,34,32,39,0,0
171,4,ORURO     ,40302,CHOQUE COTA                   ,288,1075,4,9,15,15,13,20,0,0,0,6,0,6,2,0
172,4,ORURO     ,40401,CURAHUARA DE CARANGAS         ,1669,3280,65,64,78,78,63,72,39,0,1,7,40,8,17,0
173,4,ORURO     ,40402,TURCO                         ,1370,4586,36,36,51,49,53,33,14,0,4,11,14,15,3,0
174,4,ORURO     ,40501,HUACHACALLA                   ,439,3057,20,16,15,15,17,9,5,0,0,0,5,0,2,0
175,4,ORURO     ,40502,ESCARA                        ,119,699,0,0,5,5,3,,0,0,0,0,,,,
176,4,ORURO     ,40503,CRUZ DE MACHACAMARCA          ,73,473,2,2,5,5,4,2,0,0,0,2,0,2,0,0
177,4,ORURO     ,40504,YUNGUYO DE LITORAL            ,47,113,0,2,4,4,4,3,0,0,0,1,0,1,0,0
178,4,ORURO     ,40505,ESMERALDA                     ,132,1238,2,1,4,4,4,5,1,0,,,1,,,0
179,4,ORURO     ,40601,POOPO                         ,2199,7030,56,69,93,89,84,107,31,0,1,3,31,3,2,0
180,4,ORURO     ,40602,PAZÑA                         ,2552,6371,55,69,103,102,102,116,41,0,13,4,41,17,0,0
181,4,ORURO     ,40603,ANTEQUERA                     ,1012,2348,50,42,50,50,43,47,14,0,0,2,14,2,0,0
182,4,ORURO     ,40701,HUANUNI                       ,11009,59264,487,438,512,512,540,559,212,105,2,10,320,12,9,1
183,4,ORURO     ,40702,MACHACAMARCA                  ,1390,6306,38,39,58,57,58,58,22,0,1,5,22,6,1,0
184,4,ORURO     ,40801,SALINAS DE GARCI MENDOZA      ,4807,11466,107,172,216,215,210,223,94,0,6,30,95,37,5,0
185,4,ORURO     ,40802,PAMPA AULLAGAS                ,1077,1912,40,51,69,72,66,69,16,0,3,28,16,31,0,0
186,4,ORURO     ,40901,SABAYA                        ,1064,6718,37,41,48,48,49,62,16,0,7,12,16,18,0,0
187,4,ORURO     ,40902,COIPASA                       ,380,1033,2,10,9,9,9,19,2,0,3,3,2,5,0,0
188,4,ORURO     ,40903,CHIPAYA                       ,642,1255,19,33,33,33,33,32,12,0,8,12,12,20,0,0
189,4,ORURO     ,41001,TOLEDO                        ,1471,5012,45,51,80,77,58,86,31,0,5,7,31,11,1,0
190,4,ORURO     ,41101,EUCALIPTUS                    ,1843,4349,55,75,87,87,92,59,50,0,4,5,50,9,5,0
191,4,ORURO     ,41201,ANDAMARCA                     ,1488,4288,50,48,63,62,63,52,22,0,4,5,22,8,5,0
192,4,ORURO     ,41202,BELEN DE ANDAMARCA            ,697,2170,12,16,30,29,28,34,4,0,0,7,4,7,0,0
193,4,ORURO     ,41301,TOTORA(ORR)                   ,1670,3817,49,55,71,71,68,62,26,0,11,18,26,29,0,0
194,4,ORURO     ,41401,SANTIAGO DE HUARI             ,4046,12993,99,132,166,166,131,157,70,0,15,29,69,45,6,1
195,4,ORURO     ,41501,LA RIVERA                     ,75,502,2,0,3,3,4,2,,,,,,,,
196,4,ORURO     ,41502,TODOS SANTOS                  ,118,501,5,5,9,9,7,3,4,0,,,4,,,0
197,4,ORURO     ,41503,CARANGAS                      ,90,573,0,4,7,7,7,4,1,0,0,0,1,,,0
198,4,ORURO     ,41601,HUAYLLAMARCA                  ,1222,5846,36,56,58,58,55,57,30,0,3,16,30,19,2,0
199,5,POTOSI    ,50101,POTOSI                        ,107225,339342,4302,6277,4916,4879,5189,4708,4172,1379,0,8,5318,8,1,74
200,5,POTOSI    ,50102,TINGUIPAYA                    ,8267,12554,251,435,481,486,465,493,28,0,41,222,29,245,44,0
201,5,POTOSI    ,50103,YOCALLA                       ,3198,8342,123,128,146,145,138,159,45,0,1,21,45,20,0,0
202,5,POTOSI    ,50104,BELEN DE URMIRI               ,665,2186,26,29,35,35,37,35,2,0,0,10,1,10,1,0
203,5,POTOSI    ,50201,UNCIA                         ,9126,20732,457,476,505,504,494,554,245,30,8,64,275,64,0,1
204,5,POTOSI    ,50202,CHAYANTA                      ,6116,14819,221,338,314,315,302,332,124,0,33,111,118,125,12,1
205,5,POTOSI    ,50203,LLALLAGUA                     ,18822,44599,871,1102,1076,1025,1071,991,654,306,1,39,890,38,11,27
206,5,POTOSI    ,50204,CHUQUIHUTA AYLLU JUCUMANI     ,2132,3244,112,182,146,150,149,197,96,0,2,29,97,30,1,0
207,5,POTOSI    ,50301,BETANZOS                      ,11523,35612,386,535,571,574,578,596,270,9,34,137,274,164,11,6
208,5,POTOSI    ,50302,CHAQUI                        ,3084,10365,124,131,173,173,158,162,58,0,18,29,57,45,1,1
209,5,POTOSI    ,50303,TACOBAMBA                     ,3847,6913,80,161,184,184,176,176,25,0,20,96,25,109,0,0
210,5,POTOSI    ,50401,COLQUECHACA                   ,13542,19011,387,802,732,723,709,647,142,0,51,314,141,359,171,1
211,5,POTOSI    ,50402,RAVELO                        ,6630,15829,177,320,319,317,297,322,88,0,12,96,86,107,42,2
212,5,POTOSI    ,50403,POCOATA                       ,7153,15280,287,462,420,422,452,408,83,0,2,278,82,277,52,0
213,5,POTOSI    ,50404,OCURI                         ,6743,9787,210,275,288,287,292,282,88,0,39,115,86,149,12,2
214,5,POTOSI    ,50501,SAN PEDRO DE BUENA VISTA      ,12846,13943,321,747,708,708,748,720,204,0,0,259,203,263,2,2
215,5,POTOSI    ,50502,TORO TORO                     ,6127,9561,152,272,271,271,261,296,76,0,0,110,76,110,25,0
216,5,POTOSI    ,50601,COTAGAITA                     ,10709,44338,284,279,370,369,365,381,143,0,17,64,143,82,0,4
217,5,POTOSI    ,50602,VITICHI                       ,3473,13578,118,143,161,161,158,151,74,0,27,44,73,61,0,1
218,5,POTOSI    ,50701,SACACA                        ,9711,9813,249,450,438,438,430,416,150,0,0,89,150,89,20,1
219,5,POTOSI    ,50702,CARIPUYO                      ,2705,4995,124,156,181,181,169,181,35,0,0,95,35,95,9,0
220,5,POTOSI    ,50801,TUPIZA                        ,25932,112236,874,1062,923,913,939,895,685,241,13,97,921,108,7,4
221,5,POTOSI    ,50802,ATOCHA                        ,6776,29049,139,137,226,224,212,235,87,0,0,8,90,7,0,0
222,5,POTOSI    ,50901,"COLCHA ""K""                    ",6108,15102,158,187,266,266,243,307,34,0,9,98,14,46,1,0
223,5,POTOSI    ,50902,SAN PEDRO DE QUEMES           ,524,1507,9,9,6,6,12,10,2,0,0,4,2,4,0,0
224,5,POTOSI    ,51001,SAN PABLO DE LIPEZ            ,1948,4799,32,50,41,41,42,40,3,0,2,33,3,32,2,0
225,5,POTOSI    ,51002,MOJINETE                      ,478,1627,8,8,21,21,18,22,3,0,1,4,3,5,0,0
226,5,POTOSI    ,51003,SAN ANTONIO DE ESMORUCO       ,1189,2523,29,34,44,44,42,61,2,0,4,21,2,25,0,0
227,5,POTOSI    ,51101,PUNA                          ,7214,21777,285,279,323,321,350,361,156,1,17,83,155,99,0,0
228,5,POTOSI    ,51102,"CAIZA ""D""                     ",4542,14975,125,130,178,179,180,158,70,0,14,19,67,28,1,0
229,5,POTOSI    ,51103,CKOCHAS                       ,5939,12066,177,284,279,261,284,268,50,0,24,152,48,158,17,1
230,5,POTOSI    ,51201,UYUNI                         ,11828,34719,648,755,626,627,634,540,524,157,6,64,668,70,3,16
231,5,POTOSI    ,51202,TOMAVE                        ,5471,16269,143,217,257,253,269,306,77,0,23,53,77,69,1,0
232,5,POTOSI    ,51203,PORCO                         ,4610,5410,197,230,255,252,279,231,131,0,1,19,129,20,0,1
233,5,POTOSI    ,51301,ARAMPAMPA                     ,2268,2975,51,81,88,88,91,88,22,0,0,38,21,37,8,1
234,5,POTOSI    ,51302,ACACIO                        ,2287,5706,48,84,99,99,80,103,43,0,0,23,43,22,0,0
235,5,POTOSI    ,51401,LLICA                         ,1338,4885,58,80,77,76,68,64,47,0,4,9,47,13,0,0
236,5,POTOSI    ,51402,TAHUA                         ,551,1922,9,10,23,20,18,21,2,0,1,6,2,6,0,0
237,5,POTOSI    ,51501,VILLAZON                      ,23173,63615,767,806,916,915,871,928,561,159,0,4,715,4,1,7
238,5,POTOSI    ,51601,SAN AGUSTIN                   ,924,3704,25,30,26,26,25,29,7,0,8,17,7,21,0,0
239,6,TARIJA    ,60101,TARIJA                        ,131560,464266,4151,6146,4712,4708,4677,4272,3173,2867,1,8,5940,9,1,37
240,6,TARIJA    ,60201,PADCAYA                       ,11356,45805,306,163,401,401,338,328,98,0,11,42,98,53,0,0
241,6,TARIJA    ,60202,BERMEJO                       ,42276,119000,772,828,847,794,786,735,404,338,0,3,734,3,0,3
242,6,TARIJA    ,60301,YACUIBA                       ,53648,173972,1956,2242,2221,2213,2285,2101,1245,1152,13,17,2297,27,5,18
243,6,TARIJA    ,60302,CARAPARI                      ,9678,32740,237,161,349,364,327,371,85,0,2,12,85,11,2,0
244,6,TARIJA    ,60303,VILLA MONTES                  ,25098,90356,1044,1226,1191,1195,1192,1065,688,401,0,16,1092,15,7,14
245,6,TARIJA    ,60401,URIONDO (A. CONCEPCION)       ,10454,32189,242,134,296,291,301,320,102,0,1,5,102,5,0,0
246,6,TARIJA    ,60402,YUNCHARA                      ,4243,11763,83,70,114,114,105,115,30,0,14,29,30,43,0,0
247,6,TARIJA    ,60501,SAN LORENZO(TJA)              ,10582,35449,249,122,393,391,392,370,53,0,0,7,53,7,0,0
248,6,TARIJA    ,60502,EL PUENTE(TJA)                ,4541,21530,172,161,224,222,229,210,110,0,3,29,99,32,0,0
249,6,TARIJA    ,60601,ENTRE RIOS  TRJ               ,11124,48572,331,285,471,468,455,479,237,24,9,20,249,24,3,3
250,7,SANTA CRUZ,70101,SANTA CRUZ DE LA SIERRA       ,597710,1767650,32031,41535,33178,32935,34402,32598,17497,26768,7,5,43858,7,13,381
251,7,SANTA CRUZ,70102,COTOCA                        ,28911,33649,1084,1363,1565,1533,1524,1534,702,160,5,15,858,19,0,4
252,7,SANTA CRUZ,70103,PORONGO                       ,3852,8503,137,128,237,230,208,237,23,0,0,9,23,9,1,0
253,7,SANTA CRUZ,70104,LA GUARDIA                    ,48728,61293,1277,1367,2038,2051,2014,2144,702,0,3,4,700,7,3,2
254,7,SANTA CRUZ,70105,EL TORNO                      ,36532,81817,1643,1193,1245,1234,1319,1360,623,531,0,13,1147,13,2,7
255,7,SANTA CRUZ,70201,WARNES                        ,56203,63081,2288,2192,2690,2682,2706,2749,1253,287,3,4,1532,8,1,8
256,7,SANTA CRUZ,70202,OKINAWA                       ,7217,9049,127,230,300,299,293,312,107,0,,,107,,,0
257,7,SANTA CRUZ,70301,SAN IGNACIO DE VELASCO        ,26768,28596,888,1624,1299,1299,1379,1461,906,487,19,93,1401,112,9,10
258,7,SANTA CRUZ,70302,SAN MIGUEL DE VELASCO         ,3827,5612,227,170,237,238,244,290,139,0,13,1,139,14,0,0
259,7,SANTA CRUZ,70303,SAN RAFAEL                    ,5386,5005,89,69,124,124,131,134,66,0,1,0,66,1,2,0
260,7,SANTA CRUZ,70401,BUENA VISTA                   ,7177,14202,178,133,293,289,301,329,83,0,1,5,76,6,1,1
261,7,SANTA CRUZ,70402,SAN CARLOS                    ,11369,19443,464,489,527,530,522,557,361,88,1,3,446,4,3,6
262,7,SANTA CRUZ,70403,YAPACANI                      ,23549,41675,1140,1297,1221,1223,1262,1287,699,310,4,6,1011,13,1,5
263,7,SANTA CRUZ,70404,SAN JUAN DE YAPACANI          ,7648,11825,118,126,215,215,227,231,79,45,2,7,116,7,0,0
264,7,SANTA CRUZ,70501,SAN JOSE DE CHIQUITOS         ,8358,21067,288,713,624,621,582,859,226,183,0,3,404,3,1,7
265,7,SANTA CRUZ,70502,PAILON                        ,10410,21578,590,1126,876,883,848,1121,328,109,3,7,437,7,1,0
266,7,SANTA CRUZ,70503,ROBORE                        ,6916,22128,303,316,317,303,297,333,201,97,0,0,298,0,2,2
267,7,SANTA CRUZ,70601,PORTACHUELO                   ,10304,21237,363,489,515,516,554,504,175,313,0,0,486,0,4,4
268,7,SANTA CRUZ,70602,SANTA ROSA DEL SARA           ,10513,16132,207,214,349,348,347,366,123,0,7,10,123,18,0,0
269,7,SANTA CRUZ,70603,COLPA BELGICA                 ,4990,12636,152,93,148,148,154,160,46,0,,,46,,,0
270,7,SANTA CRUZ,70701,LAGUNILLAS                    ,5244,11216,115,82,146,146,146,150,60,0,2,13,60,13,1,0
271,7,SANTA CRUZ,70702,CHARAGUA                      ,18894,18808,370,890,894,894,728,1034,404,138,4,34,538,35,1,5
272,7,SANTA CRUZ,70703,CABEZAS                       ,20598,33236,365,684,756,756,604,841,299,0,3,2,294,5,37,2
273,7,SANTA CRUZ,70704,CUEVO                         ,2061,7478,62,53,91,91,91,114,23,0,7,5,22,11,1,0
274,7,SANTA CRUZ,70705,GUTIERREZ                     ,14098,11760,153,338,331,329,338,300,140,0,4,72,136,75,2,4
275,7,SANTA CRUZ,70706,CAMIRI                        ,21975,79797,783,1099,853,825,839,877,521,577,1,5,1093,7,3,8
276,7,SANTA CRUZ,70707,BOYUIBE                       ,2084,3562,38,71,100,100,98,113,46,0,0,1,45,1,2,1
277,7,SANTA CRUZ,70801,VALLEGRANDE                   ,5484,19752,214,366,305,304,293,317,148,211,0,0,358,1,0,6
278,7,SANTA CRUZ,70802,TRIGAL                        ,815,2714,22,17,17,17,19,20,11,0,,,11,,,0
279,7,SANTA CRUZ,70803,MORO MORO                     ,1057,2849,33,25,36,36,39,39,12,0,0,1,12,0,0,0
280,7,SANTA CRUZ,70804,POSTRER VALLE                 ,697,2320,14,13,18,18,15,24,9,0,0,1,7,1,0,1
281,7,SANTA CRUZ,70805,PUCARA                        ,812,3088,12,5,18,18,17,22,3,0,,,3,,,0
282,7,SANTA CRUZ,70901,SAMAIPATA                     ,3826,9890,118,93,179,180,168,206,71,0,0,0,69,0,1,2
283,7,SANTA CRUZ,70902,PAMPA GRANDE                  ,3625,6533,128,144,186,190,181,214,89,0,0,0,87,2,4,3
284,7,SANTA CRUZ,70903,MAIRANA                       ,4604,9738,204,304,247,247,241,262,127,141,0,1,269,2,0,1
285,7,SANTA CRUZ,70904,QUIRUSILLAS                   ,579,1697,6,10,29,29,25,30,8,0,,,8,,,0
286,7,SANTA CRUZ,71001,MONTERO                       ,75589,168627,2468,3928,2805,2793,2964,2920,1689,2505,6,20,4136,21,1,28
287,7,SANTA CRUZ,71002,GENERAL SAAVEDRA              ,9490,11091,234,233,399,311,309,324,92,0,,,90,,,2
288,7,SANTA CRUZ,71003,MINEROS                       ,10759,8038,339,15,82,80,74,75,169,0,,,169,,,0
289,7,SANTA CRUZ,71004,FERNANDEZ ALONSO              ,8897,11729,238,146,217,218,253,190,130,0,0,2,128,0,0,1
290,7,SANTA CRUZ,71005,SAN PEDRO                     ,13178,24946,236,161,264,263,240,246,107,2,,,109,,,0
291,7,SANTA CRUZ,71101,CONCEPCION                    ,6467,7656,345,486,499,498,496,537,334,17,7,41,340,41,6,8
292,7,SANTA CRUZ,71102,SAN JAVIER(STC)               ,3304,5330,266,374,289,326,328,319,291,50,,,334,,,9
293,7,SANTA CRUZ,71103,SAN RAMON SCZ                 ,4825,8578,188,160,236,238,246,201,128,28,0,1,156,1,0,0
294,7,SANTA CRUZ,71104,SAN JULIAN                    ,28132,37043,754,967,1198,1195,1205,1213,712,96,1,10,780,11,1,11
295,7,SANTA CRUZ,71105,SAN ANTONIO DE LOMERIO        ,3967,4697,66,105,109,108,106,123,74,0,7,17,73,18,6,0
296,7,SANTA CRUZ,71106,CUATRO CAÑADAS                ,12013,17314,330,428,536,536,551,571,250,0,0,0,154,1,1,0
297,7,SANTA CRUZ,71201,SAN MATIAS                    ,6499,9771,325,386,320,322,369,362,227,40,0,14,267,16,8,0
298,7,SANTA CRUZ,71301,COMARAPA                      ,6755,16998,334,397,380,381,384,403,242,122,0,3,361,4,4,4
299,7,SANTA CRUZ,71302,SAIPINA                       ,3110,6543,84,54,112,112,109,137,44,0,,,44,,,0
300,7,SANTA CRUZ,71401,PUERTO SUAREZ                 ,6791,13452,303,419,390,371,383,427,270,132,1,3,386,3,0,5
301,7,SANTA CRUZ,71402,PUERTO QUIJARRO               ,5929,14749,496,313,380,381,384,373,228,145,0,0,369,0,1,3
302,7,SANTA CRUZ,71403,CARMEN RIVERO TORREZ          ,1823,4035,54,117,169,169,151,148,64,0,1,6,62,7,11,2
303,7,SANTA CRUZ,71501,ASCENCION DE GUARAYOS         ,13082,12473,563,794,753,751,746,787,445,231,1,5,667,5,6,10
304,7,SANTA CRUZ,71502,URUBICHA                      ,4283,4386,75,111,154,157,155,180,91,0,0,2,91,4,0,0
305,7,SANTA CRUZ,71503,EL PUENTE(STC)                ,9108,11260,189,135,227,236,201,303,86,0,1,1,86,1,0,1
306,8,BENI      ,80101,TRINIDAD                      ,58525,229984,2744,3997,2831,2850,2781,2765,1940,1698,1,1,3636,0,8,32
307,8,BENI      ,80102,SAN JAVIER(BNI)               ,1626,4163,37,43,80,83,78,155,21,0,0,5,21,5,0,0
308,8,BENI      ,80201,RIBERALTA                     ,72167,139368,3328,3482,3071,3069,2646,2998,2359,1187,3,20,3628,23,13,44
309,8,BENI      ,80202,GUAYARAMERIN                  ,29201,63098,1101,1321,1151,1150,1076,1118,737,544,0,3,1280,3,3,10
310,8,BENI      ,80301,REYES                         ,7905,15214,266,340,376,376,330,347,159,62,2,48,219,50,0,5
311,8,BENI      ,80302,SAN BORJA                     ,25199,39738,669,1394,1238,1201,1166,1195,574,311,49,54,871,99,33,23
312,8,BENI      ,80303,SANTA ROSA                    ,4318,8628,112,268,205,204,212,279,160,6,3,15,164,18,0,2
313,8,BENI      ,80304,RURRENABAQUE                  ,10147,17688,472,608,435,435,400,449,390,189,4,15,576,19,0,8
314,8,BENI      ,80401,SANTA ANA                     ,4941,10569,418,511,467,467,454,472,271,181,4,27,447,31,1,8
315,8,BENI      ,80402,EXALTACION                    ,1019,2175,36,17,26,27,30,39,12,0,0,3,12,3,1,0
316,8,BENI      ,80501,SAN IGNACIO                   ,16225,36707,496,587,522,539,494,596,312,85,1,50,391,49,26,6
317,8,BENI      ,80601,LORETO                        ,2478,5526,69,99,116,114,121,175,10,0,3,4,8,7,6,0
318,8,BENI      ,80602,SAN ANDRES                    ,6512,15089,166,79,231,224,242,219,46,0,0,7,46,7,9,0
319,8,BENI      ,80701,SAN JOAQUIN                   ,3329,4119,110,91,151,142,122,148,26,62,,,89,,,1
320,8,BENI      ,80702,SAN RAMON BENI                ,2454,6721,86,75,112,112,115,141,54,18,,,72,,,0
321,8,BENI      ,80703,PUERTO SILES                  ,649,1874,10,5,16,15,25,31,2,0,0,1,2,1,0,0
322,8,BENI      ,80801,MAGDALENA                     ,6081,13165,203,263,319,322,308,298,168,67,3,25,229,28,3,6
323,8,BENI      ,80802,BAURES                        ,3064,7115,107,108,112,112,104,125,72,23,1,3,93,4,0,2
324,8,BENI      ,80803,HUARACAJE                     ,2233,4258,53,41,78,77,87,98,35,11,,,46,,,0
325,9,PANDO     ,90101,COBIJA                        ,30046,76558,1699,1953,1549,1548,1489,1537,936,853,,,1774,,,25
326,9,PANDO     ,90102,PORVENIR                      ,3390,6877,104,68,119,119,120,149,41,0,5,0,41,4,1,0
327,9,PANDO     ,90103,BOLPEBRA                      ,1102,2087,16,9,30,30,27,32,2,0,2,3,2,5,0,0
328,9,PANDO     ,90104,BELLA FLOR                    ,2062,3371,48,22,68,69,66,69,10,0,0,8,10,8,0,0
329,9,PANDO     ,90201,PUERTO RICO                   ,6400,13008,149,131,151,151,146,204,115,0,8,1,113,8,0,0
330,9,PANDO     ,90202,SAN PEDRO(PND)                ,1731,2326,27,20,20,20,23,23,2,0,0,15,2,17,0,0
331,9,PANDO     ,90203,FILADELFIA                    ,3793,3807,82,78,130,128,105,163,45,0,8,6,41,13,0,1
332,9,PANDO     ,90301,PUERTO GONZALO MORENO         ,5439,8929,91,118,186,184,163,183,69,0,4,20,69,24,1,0
333,9,PANDO     ,90302,SAN LORENZO(PND)              ,4573,3792,99,153,181,185,129,212,44,0,4,12,43,15,4,0
334,9,PANDO     ,90303,SENA                          ,3739,7923,120,136,149,149,146,152,98,0,3,6,97,5,1,1
335,9,PANDO     ,90401,NACEBE (SANTA ROSA DEL ABUNA) ,2328,3746,42,39,76,77,68,92,21,0,3,5,20,8,0,1
336,9,PANDO     ,90402,INGAVI (HUMAITA)              ,1107,1316,13,23,48,48,32,36,9,0,0,2,9,2,2,0
337,9,PANDO     ,90501,NUEVO MANOA (NUEVA ESPERANZA) ,1499,2198,48,32,58,58,49,62,0,0,2,8,0,9,0,0
338,9,PANDO     ,90502,VILLA NUEVA (LOMA ALTA)       ,2657,2537,36,44,61,62,62,67,2,0,3,17,2,19,0,0
339,9,PANDO     ,90503,EUREKA (SANTOS MERCADO)       ,1134,845,34,30,52,48,29,43,4,0,0,3,4,3,0,0
